epoch,time,train/loss,metrics/accuracy_top1,metrics/accuracy_top5,val/loss,lr/pg0,lr/pg1,lr/pg2
1,27.0376,0.46072,0.85953,1,0.33345,0.000548633,0.000548633,0.000548633
2,52.6224,0.37457,0.87344,1,0.28862,0.00109701,0.00109701,0.00109701
3,77.8281,0.39925,0.758,1,0.47892,0.00163805,0.00163805,0.00163805
4,103.025,0.40894,0.82754,1,0.39708,0.00163399,0.00163399,0.00163399
5,128.291,0.37139,0.86926,1,0.31344,0.00162299,0.00162299,0.00162299
6,153.629,0.3481,0.8484,1,0.31581,0.00161199,0.00161199,0.00161199
7,178.834,0.30595,0.85535,1,0.40213,0.00160099,0.00160099,0.00160099
8,204.059,0.30897,0.88873,1,0.2743,0.00158998,0.00158998,0.00158998
9,229.06,0.26475,0.89291,1,0.29035,0.00157898,0.00157898,0.00157898
10,254.684,0.27318,0.8484,1,0.34738,0.00156798,0.00156798,0.00156798
11,281.287,0.27577,0.8943,1,0.28665,0.00155698,0.00155698,0.00155698
12,306.979,0.25144,0.88595,1,0.30166,0.00154598,0.00154598,0.00154598
13,332.466,0.24316,0.89847,1,0.20875,0.00153497,0.00153497,0.00153497
14,357.313,0.23948,0.8637,1,0.35086,0.00152397,0.00152397,0.00152397
15,382.343,0.2185,0.91099,1,0.25269,0.00151297,0.00151297,0.00151297
16,407.528,0.19557,0.91655,1,0.24925,0.00150197,0.00150197,0.00150197
17,432.588,0.23364,0.89708,1,0.24211,0.00149096,0.00149096,0.00149096
18,457.453,0.19817,0.92907,1,0.18674,0.00147996,0.00147996,0.00147996
19,482.877,0.20878,0.9096,1,0.22411,0.00146896,0.00146896,0.00146896
20,508.372,0.19041,0.89152,1,0.29743,0.00145796,0.00145796,0.00145796
21,534.039,0.18793,0.94298,1,0.16291,0.00144696,0.00144696,0.00144696
22,559.337,0.16384,0.94298,1,0.17668,0.00143595,0.00143595,0.00143595
23,584.775,0.18287,0.91933,1,0.24209,0.00142495,0.00142495,0.00142495
24,609.409,0.18029,0.94019,1,0.15711,0.00141395,0.00141395,0.00141395
25,634.628,0.16703,0.91516,1,0.24101,0.00140295,0.00140295,0.00140295
26,660.106,0.17383,0.9249,1,0.20036,0.00139195,0.00139195,0.00139195
27,685.59,0.16686,0.93046,1,0.17709,0.00138094,0.00138094,0.00138094
28,710.915,0.16467,0.9249,1,0.20597,0.00136994,0.00136994,0.00136994
29,736.109,0.17554,0.93463,1,0.19064,0.00135894,0.00135894,0.00135894
30,761.711,0.14723,0.91516,1,0.22907,0.00134794,0.00134794,0.00134794
31,787.184,0.14897,0.95271,1,0.14513,0.00133693,0.00133693,0.00133693
32,812.623,0.15179,0.95132,1,0.15399,0.00132593,0.00132593,0.00132593
33,838.276,0.15204,0.94854,1,0.16046,0.00131493,0.00131493,0.00131493
34,864.204,0.1373,0.94993,1,0.16621,0.00130393,0.00130393,0.00130393
35,890.275,0.14004,0.9096,1,0.25865,0.00129293,0.00129293,0.00129293
36,916.365,0.12805,0.9249,1,0.20966,0.00128192,0.00128192,0.00128192
37,942.674,0.13968,0.94019,1,0.20503,0.00127092,0.00127092,0.00127092
38,968.957,0.11889,0.9388,1,0.16647,0.00125992,0.00125992,0.00125992
39,994.748,0.13415,0.94437,1,0.12156,0.00124892,0.00124892,0.00124892
40,1020.62,0.13186,0.94437,1,0.18431,0.00123791,0.00123791,0.00123791
41,1045.94,0.11746,0.95549,1,0.13307,0.00122691,0.00122691,0.00122691
42,1071.78,0.1109,0.94298,1,0.15013,0.00121591,0.00121591,0.00121591
43,1097.77,0.11309,0.96245,1,0.1023,0.00120491,0.00120491,0.00120491
44,1123.74,0.11486,0.94019,1,0.20366,0.00119391,0.00119391,0.00119391
45,1149.58,0.11135,0.93741,1,0.17837,0.0011829,0.0011829,0.0011829
46,1175.6,0.12255,0.94298,1,0.12295,0.0011719,0.0011719,0.0011719
47,1201.19,0.12509,0.95688,1,0.13269,0.0011609,0.0011609,0.0011609
48,1226.16,0.10924,0.94715,1,0.20773,0.0011499,0.0011499,0.0011499
49,1251.8,0.08811,0.94437,1,0.17479,0.00113889,0.00113889,0.00113889
50,1276.97,0.10678,0.94715,1,0.15975,0.00112789,0.00112789,0.00112789
51,1302.25,0.10933,0.94019,1,0.16674,0.00111689,0.00111689,0.00111689
52,1327.68,0.08271,0.93185,1,0.22803,0.00110589,0.00110589,0.00110589
53,1353.1,0.10658,0.94298,1,0.16491,0.00109489,0.00109489,0.00109489
54,1378.5,0.09764,0.95549,1,0.11289,0.00108388,0.00108388,0.00108388
55,1403.55,0.09539,0.96384,1,0.10983,0.00107288,0.00107288,0.00107288
56,1428.87,0.06931,0.95271,1,0.17369,0.00106188,0.00106188,0.00106188
57,1454.03,0.08153,0.95271,1,0.15806,0.00105088,0.00105088,0.00105088
58,1479.68,0.09063,0.94715,1,0.1507,0.00103987,0.00103987,0.00103987
59,1504.89,0.0979,0.95549,1,0.15531,0.00102887,0.00102887,0.00102887
60,1530.24,0.0787,0.95271,1,0.14375,0.00101787,0.00101787,0.00101787
61,1555.45,0.05956,0.96523,1,0.12847,0.00100687,0.00100687,0.00100687
62,1580.51,0.07322,0.95549,1,0.15533,0.000995866,0.000995866,0.000995866
63,1605.95,0.09012,0.95828,1,0.13818,0.000984864,0.000984864,0.000984864
64,1631.23,0.07462,0.94576,1,0.17834,0.000973861,0.000973861,0.000973861
65,1656.64,0.07518,0.9541,1,0.12584,0.000962859,0.000962859,0.000962859
66,1682.17,0.06835,0.95688,1,0.18276,0.000951857,0.000951857,0.000951857
67,1707.37,0.08584,0.94576,1,0.16067,0.000940855,0.000940855,0.000940855
68,1732.71,0.09601,0.95132,1,0.15205,0.000929853,0.000929853,0.000929853
69,1758.38,0.0593,0.94854,1,0.19324,0.00091885,0.00091885,0.00091885
70,1783.96,0.07092,0.94715,1,0.15367,0.000907848,0.000907848,0.000907848
71,1809.19,0.06025,0.9541,1,0.22418,0.000896846,0.000896846,0.000896846
72,1834.57,0.0753,0.95132,1,0.1684,0.000885844,0.000885844,0.000885844
73,1859.98,0.06663,0.94993,1,0.23353,0.000874842,0.000874842,0.000874842
74,1885.31,0.05496,0.96106,1,0.12808,0.000863839,0.000863839,0.000863839
75,1910.92,0.05546,0.96106,1,0.20186,0.000852837,0.000852837,0.000852837
76,1936.13,0.06132,0.95967,1,0.15927,0.000841835,0.000841835,0.000841835
77,1961.48,0.07314,0.94715,1,0.18008,0.000830833,0.000830833,0.000830833
78,1987.06,0.07769,0.96245,1,0.12527,0.000819831,0.000819831,0.000819831
79,2012.37,0.05009,0.95271,1,0.12949,0.000808828,0.000808828,0.000808828
80,2037.89,0.05659,0.95271,1,0.14475,0.000797826,0.000797826,0.000797826
81,2062.73,0.04613,0.95132,1,0.18637,0.000786824,0.000786824,0.000786824
